"activation","hdim","zdim","cdim","vdim","pc","scalar","type","seed","roc"
1,1,1,1,-1,-1,1,1,2,0.531502767134951
1,1,-1,1,1,-1,1,1,2,0.5406555981268627
1,1,-1,1,-1,-1,1,1,2,0.5398041719880801
1,1,-1,1,1,-1,1,-1,2,0.5455512984248617
1,1,-1,1,-1,-1,1,-1,2,0.5464027245636441
1,1,1,1,-1,-1,1,-1,2,0.5551298424861643
1,1,1,1,1,-1,1,1,2,0.5549169859514688
1,1,1,1,1,-1,1,-1,2,0.5627926777352066
1,1,1,1,-1,-1,1,1,4,0.565346956151554
1,1,1,1,1,-1,1,1,1,0.5723712217965092
1,1,1,1,-1,-1,1,-1,4,0.5702426564495531
1,1,-1,1,-1,-1,1,1,4,0.5744997871434653
1,1,1,1,1,-1,1,-1,1,0.5776926351638996
1,1,-1,1,1,-1,1,1,1,0.58301404853129
1,1,1,1,1,-1,1,1,4,0.5798212005108557
1,1,-1,1,-1,-1,1,-1,4,0.5791826309067688
1,1,1,1,-1,-1,1,-1,1,0.5849297573435503
1,1,-1,1,1,-1,1,1,4,0.5825883354618987
1,1,1,1,1,-1,1,-1,4,0.5855683269476373
1,1,-1,1,1,-1,1,-1,1,0.5904640272456365
1,1,-1,1,1,-1,1,-1,4,0.587909748829289
1,1,-1,1,-1,-1,1,1,1,0.5913154533844189
1,1,1,1,-1,-1,1,1,1,0.5770540655598128
1,1,-1,1,-1,-1,1,-1,1,0.5955725840783314
1,1,1,1,-1,-1,1,1,3,0.6113239676458067
1,1,1,1,-1,-1,1,-1,3,0.6147296722009365
1,1,-1,1,-1,-1,1,1,3,0.6326096211153684
1,1,-1,1,-1,-1,1,-1,3,0.636653895274585
1,1,-1,1,1,-1,1,1,3,0.637718177948063
1,1,-1,1,1,-1,1,-1,3,0.6483610046828437
1,1,1,1,1,-1,1,1,3,0.6575138356747553
1,1,1,1,1,-1,1,-1,3,0.6702852277564921
1,1,-1,1,-1,-1,-1,1,2,0.7658578118348234
1,1,-1,1,-1,-1,-1,-1,2,0.7724563644103876
1,1,1,1,-1,-1,-1,1,2,0.772243507875692
1,1,1,1,-1,-1,-1,-1,2,0.7905491698595148
1,1,-1,1,-1,-1,-1,1,3,0.8124733929331631
1,1,-1,1,-1,-1,-1,-1,3,0.8222647935291613
1,1,1,1,1,-1,-1,1,4,0.8265219242230737
1,1,-1,1,1,-1,-1,-1,1,0.812686249467859
1,1,1,1,-1,-1,-1,1,4,0.818220519369945
1,1,-1,1,1,-1,-1,1,1,0.8214133673903792
1,1,1,1,-1,-1,-1,-1,4,0.8331204767986378
1,1,-1,1,1,-1,-1,-1,2,0.8218390804597699
1,1,-1,1,1,-1,-1,1,2,0.825670498084291
1,1,1,1,1,-1,-1,-1,3,0.8099191145168158
1,1,1,1,1,-1,-1,1,3,0.808641975308642
1,1,1,1,1,-1,-1,-1,4,0.8463175819497659
1,1,-1,1,-1,-1,-1,1,4,0.8407833120476803
1,1,-1,1,1,-1,-1,-1,3,0.79565772669221
1,1,1,1,1,-1,-1,-1,2,0.8171562366964665
1,1,-1,1,-1,-1,-1,-1,4,0.8456790123456794
1,1,-1,1,1,-1,-1,1,3,0.8028948488718609
1,1,1,1,1,-1,-1,1,2,0.8258833546189867
1,1,1,1,-1,-1,-1,-1,3,0.862707535121328
1,1,1,1,-1,-1,-1,1,3,0.8661132396764578
1,1,-1,1,-1,-1,-1,1,1,0.8925074499787142
1,1,-1,1,-1,-1,-1,-1,1,0.8901660280970622
1,1,-1,1,1,-1,-1,-1,4,0.8150276713495112
1,1,-1,1,1,-1,-1,1,4,0.8258833546189874
1,1,1,1,-1,-1,-1,-1,1,0.9333759046402726
1,1,1,1,-1,-1,-1,1,1,0.9344401873137509
1,1,1,1,1,-1,-1,1,1,0.9695615155385274
1,1,1,1,1,-1,-1,-1,1,0.96700723712218
1,1,1,1,-1,1,1,1,2,0.5306513409961686
1,1,-1,1,1,1,1,1,2,0.5395913154533846
1,1,-1,1,-1,1,1,1,2,0.5393784589186889
1,1,-1,1,1,1,1,-1,2,0.5453384418901662
1,1,-1,1,-1,1,1,-1,2,0.5464027245636441
1,1,1,1,-1,1,1,-1,2,0.5551298424861643
1,1,1,1,1,1,1,1,2,0.5534269902085994
1,1,1,1,1,1,1,-1,2,0.5621541081311197
1,1,1,1,-1,1,1,1,4,0.5647083865474671
1,1,1,1,1,1,1,1,1,0.5706683695189444
1,1,1,1,-1,1,1,-1,4,0.5702426564495531
1,1,1,1,1,1,1,-1,1,0.5779054916985952
1,1,1,1,1,1,1,1,4,0.5810983397190295
1,1,-1,1,1,1,1,1,1,0.5823754789272032
1,1,-1,1,-1,1,1,-1,4,0.5791826309067688
1,1,-1,1,1,1,1,1,4,0.581311196253725
1,1,1,1,-1,1,1,-1,1,0.5845040442741591
1,1,1,1,1,1,1,-1,4,0.5855683269476373
1,1,-1,1,1,1,1,-1,1,0.5900383141762453
1,1,-1,1,1,1,1,-1,4,0.587909748829289
1,1,-1,1,-1,1,1,1,1,0.5908897403150277
1,1,-1,1,-1,1,1,1,4,0.5730097914005959
1,1,1,1,-1,1,1,1,1,0.576841209025117
1,1,-1,1,-1,1,1,-1,1,0.59514687100894
1,1,1,1,-1,1,1,1,3,0.6119625372498936
1,1,1,1,-1,1,1,-1,3,0.6149425287356322
1,1,-1,1,-1,1,1,1,3,0.6315453384418903
1,1,-1,1,-1,1,1,-1,3,0.636653895274585
1,1,-1,1,1,1,1,1,3,0.6362281822051936
1,1,-1,1,1,1,1,-1,3,0.6477224350787569
1,1,1,1,1,1,1,1,3,0.6600681140911028
1,1,1,1,1,1,1,-1,3,0.6685823754789273
1,1,-1,1,-1,1,-1,1,2,0.7626649638143891
1,1,-1,1,-1,1,-1,-1,2,0.7709663686675182
1,1,1,1,-1,1,-1,1,2,0.771604938271605
1,1,1,1,-1,1,-1,-1,2,0.7890591741166455
1,1,-1,1,-1,1,-1,1,3,0.8135376756066414
1,1,-1,1,-1,1,-1,-1,3,0.8214133673903788
1,1,1,1,1,1,-1,1,4,0.8254576415495957
1,1,-1,1,1,1,-1,-1,1,0.8124733929331632
1,1,-1,1,1,1,-1,1,1,0.8205619412515966
1,1,1,1,1,1,-1,1,3,0.8058748403575989
1,1,1,1,-1,1,-1,1,4,0.8188590889740317
1,1,-1,1,1,1,-1,-1,2,0.8216262239250742
1,1,1,1,-1,1,-1,-1,4,0.8320561941251597
1,1,1,1,1,1,-1,-1,3,0.8094934014474245
1,1,-1,1,1,1,-1,1,2,0.8265219242230737
1,1,1,1,1,1,-1,-1,4,0.8448275862068967
1,1,1,1,1,1,-1,-1,2,0.816304810557684
1,1,-1,1,-1,1,-1,-1,4,0.8448275862068969
1,1,-1,1,1,1,-1,-1,3,0.7962962962962968
1,1,-1,1,1,1,-1,1,3,0.8028948488718609
1,1,-1,1,-1,1,-1,1,4,0.843124733929332
1,1,1,1,1,1,-1,1,2,0.8248190719455086
1,1,1,1,-1,1,-1,-1,3,0.8622818220519368
1,1,1,1,-1,1,-1,1,3,0.866113239676458
1,1,-1,1,-1,1,-1,-1,1,0.8899531715623666
1,1,-1,1,-1,1,-1,1,1,0.8910174542358451
1,1,-1,1,1,1,-1,-1,4,0.8148148148148154
1,1,-1,1,1,1,-1,1,4,0.8273733503618567
1,1,1,1,-1,1,-1,-1,1,0.9333759046402728
1,1,1,1,-1,1,-1,1,1,0.9346530438484465
1,1,1,1,1,1,-1,-1,1,0.9672200936568756
1,1,1,1,1,1,-1,1,1,0.9712643678160924
1,-1,1,1,-1,-1,1,-1,2,0.3426990208599405
1,-1,1,1,-1,-1,1,1,2,0.34376330353341855
1,-1,1,1,-1,-1,1,-1,1,0.37760749255002124
1,-1,1,1,-1,-1,-1,-1,2,0.3756917837377608
1,-1,1,1,-1,-1,1,1,1,0.3803746275010643
1,-1,1,1,-1,-1,-1,1,2,0.3805874840357599
1,-1,1,1,-1,-1,-1,-1,3,0.45253299276287784
1,-1,1,1,-1,-1,-1,1,3,0.4582801191996595
1,-1,-1,1,1,-1,1,1,2,0.5046828437633036
1,-1,-1,1,1,-1,1,-1,2,0.5089399744572161
1,-1,1,1,-1,-1,1,-1,4,0.5163899531715623
1,-1,1,1,-1,-1,1,1,4,0.5159642401021711
1,-1,1,1,1,-1,1,1,2,0.5208599404001705
1,-1,1,1,1,-1,1,-1,2,0.5240527884206048
1,-1,-1,1,-1,-1,1,1,2,0.5289484887186038
1,-1,-1,1,-1,-1,1,-1,2,0.5481055768412091
1,-1,1,1,1,-1,1,1,1,0.5540655598126865
1,-1,1,1,1,-1,1,-1,1,0.557045551298425
1,-1,-1,1,-1,-1,1,1,1,0.5651340996168585
1,-1,-1,1,1,-1,1,1,4,0.5659855257556408
1,-1,-1,1,1,-1,1,-1,4,0.5710940825883354
1,-1,-1,1,-1,-1,1,-1,1,0.5700297999148577
1,-1,-1,1,1,-1,1,1,1,0.5751383567475522
1,-1,-1,1,-1,-1,1,1,4,0.5757769263516391
1,-1,-1,1,-1,-1,1,-1,4,0.5789697743720733
1,-1,-1,1,1,-1,1,-1,1,0.5834397616006813
1,-1,1,1,1,-1,1,1,4,0.5851426138782462
1,-1,1,1,1,-1,1,1,3,0.5904640272456364
1,-1,-1,1,1,-1,1,1,3,0.5979140059599829
1,-1,1,1,1,-1,1,-1,4,0.5925925925925927
1,-1,-1,1,1,-1,1,-1,3,0.6049382716049383
1,-1,1,1,-1,-1,1,-1,3,0.6066411238825032
1,-1,-1,1,-1,-1,1,-1,3,0.6240953597275437
1,-1,-1,1,-1,-1,1,1,3,0.6140911025968498
1,-1,1,1,-1,-1,-1,1,1,0.6930608769689232
1,-1,1,1,-1,-1,1,1,3,0.6015325670498085
1,-1,1,1,1,-1,1,-1,3,0.5998297147722434
1,-1,1,1,-1,-1,-1,-1,1,0.7096636866751809
1,-1,1,1,1,-1,-1,1,2,0.7222222222222224
1,-1,-1,1,-1,-1,-1,1,2,0.7337164750957854
1,-1,1,1,1,-1,-1,-1,2,0.7418050234142188
1,-1,-1,1,-1,-1,-1,-1,2,0.7507449978714348
1,-1,-1,1,-1,-1,-1,1,1,0.7383993188590892
1,-1,-1,1,-1,-1,-1,-1,1,0.7594721157939551
1,-1,1,1,1,-1,-1,1,4,0.7907620263942102
1,-1,1,1,1,-1,-1,1,3,0.7518092805449129
1,-1,1,1,1,-1,-1,-1,4,0.8028948488718602
1,-1,1,1,-1,-1,-1,1,4,0.808854831843338
1,-1,1,1,-1,-1,-1,-1,4,0.8154533844189021
1,-1,1,1,1,-1,-1,-1,3,0.7662835249042148
1,-1,-1,1,1,-1,-1,-1,2,0.7918263090676886
1,-1,-1,1,1,-1,-1,1,2,0.7997020008514263
1,-1,-1,1,-1,-1,-1,1,3,0.8163048105576842
1,-1,-1,1,-1,-1,-1,-1,3,0.8243933588761176
1,-1,-1,1,1,-1,-1,-1,4,0.7662835249042147
1,-1,-1,1,1,-1,-1,1,4,0.7775649212430823
1,-1,-1,1,1,-1,-1,1,3,0.79225202213708
1,-1,-1,1,1,-1,-1,-1,3,0.7905491698595153
1,-1,-1,1,1,-1,-1,-1,1,0.8229033631332486
1,-1,-1,1,1,-1,-1,1,1,0.8267347807577697
1,-1,1,1,1,-1,-1,1,1,0.8501489995742868
1,-1,1,1,1,-1,-1,-1,1,0.856108982545764
1,-1,-1,1,-1,-1,-1,-1,4,0.9114516815666239
1,-1,-1,1,-1,-1,-1,1,4,0.914644529587058
1,-1,1,1,-1,1,1,-1,2,0.3426990208599405
1,-1,1,1,-1,1,1,1,2,0.34376330353341855
1,-1,1,1,-1,1,1,-1,1,0.37760749255002124
1,-1,1,1,-1,1,-1,-1,2,0.37547892720306514
1,-1,1,1,-1,1,1,1,1,0.3801617709663687
1,-1,1,1,-1,1,-1,1,2,0.38058748403575987
1,-1,1,1,-1,1,-1,-1,3,0.45253299276287784
1,-1,1,1,-1,1,-1,1,3,0.4584929757343551
1,-1,-1,1,1,1,1,1,2,0.5034057045551299
1,-1,-1,1,1,1,1,-1,2,0.5087271179225203
1,-1,1,1,-1,1,1,-1,4,0.5163899531715623
1,-1,1,1,-1,1,1,1,4,0.5155385270327799
1,-1,1,1,1,1,1,1,2,0.5212856534695617
1,-1,1,1,1,1,1,-1,2,0.5236270753512136
1,-1,-1,1,-1,1,1,1,2,0.5295870583226906
1,-1,-1,1,-1,1,1,-1,2,0.5478927203065135
1,-1,1,1,1,1,1,1,1,0.5544912728820776
1,-1,1,1,1,1,1,-1,1,0.557045551298425
1,-1,-1,1,-1,1,1,1,1,0.5640698169433804
1,-1,-1,1,1,1,1,1,4,0.5655598126862496
1,-1,-1,1,-1,1,1,-1,1,0.5700297999148577
1,-1,-1,1,1,1,1,-1,4,0.5704555129842486
1,-1,-1,1,1,1,1,1,1,0.5755640698169435
1,-1,-1,1,-1,1,1,1,4,0.5751383567475522
1,-1,-1,1,-1,1,1,-1,4,0.5789697743720733
1,-1,-1,1,1,1,1,-1,1,0.5834397616006813
1,-1,1,1,1,1,1,1,4,0.5855683269476374
1,-1,1,1,1,1,1,1,3,0.5915283099191144
1,-1,-1,1,1,1,1,1,3,0.59514687100894
1,-1,1,1,1,1,1,-1,4,0.5923797360578971
1,-1,-1,1,1,1,1,-1,3,0.6049382716049383
1,-1,1,1,-1,1,1,-1,3,0.6062154108131119
1,-1,-1,1,-1,1,1,1,3,0.6132396764580674
1,-1,-1,1,-1,1,1,-1,3,0.6240953597275437
1,-1,1,1,-1,1,-1,1,1,0.6917837377607495
1,-1,1,1,-1,1,-1,-1,1,0.7077479778629204
1,-1,1,1,-1,1,1,1,3,0.6008939974457216
1,-1,1,1,1,1,1,-1,3,0.5996168582375477
1,-1,1,1,1,1,-1,1,2,0.7237122179650916
1,-1,1,1,1,1,-1,-1,2,0.7405278842060452
1,-1,-1,1,-1,1,-1,1,2,0.7356321839080461
1,-1,-1,1,-1,1,-1,-1,2,0.7496807151979568
1,-1,-1,1,-1,1,-1,1,1,0.7349936143039593
1,-1,-1,1,-1,1,-1,-1,1,0.7579821200510858
1,-1,1,1,1,1,-1,1,4,0.7914005959982972
1,-1,1,1,1,1,-1,-1,4,0.8014048531289909
1,-1,1,1,-1,1,-1,1,4,0.8088548318433378
1,-1,1,1,1,1,-1,1,3,0.755002128565347
1,-1,1,1,-1,1,-1,-1,4,0.8146019582801196
1,-1,1,1,1,1,-1,-1,3,0.763942103022563
1,-1,-1,1,-1,1,-1,1,3,0.8160919540229887
1,-1,-1,1,1,1,-1,-1,2,0.7914005959982973
1,-1,-1,1,1,1,-1,1,2,0.7984248616432527
1,-1,-1,1,-1,1,-1,-1,3,0.8239676458067264
1,-1,-1,1,1,1,-1,1,4,0.7767134951042998
1,-1,-1,1,1,1,-1,-1,4,0.7660706683695191
1,-1,-1,1,1,1,-1,-1,3,0.7899106002554284
1,-1,-1,1,1,1,-1,1,3,0.7945934440187319
1,-1,-1,1,1,1,-1,-1,1,0.8224776500638573
1,-1,-1,1,1,1,-1,1,1,0.8260962111536829
1,-1,1,1,1,1,-1,1,1,0.8465304384844614
1,-1,1,1,1,1,-1,-1,1,0.8552575564069815
1,-1,-1,1,-1,1,-1,-1,4,0.9118773946360151
1,-1,-1,1,-1,1,-1,1,4,0.9150702426564492
1,1,-1,-1,-1,-1,1,1,2,0.5302256279267774
1,1,1,-1,-1,-1,1,1,2,0.5319284802043425
1,1,-1,-1,-1,-1,1,-1,2,0.534908471690081
1,1,1,-1,1,-1,1,1,2,0.5483184333759048
1,1,-1,-1,1,-1,1,1,2,0.5487441464452961
1,1,1,-1,1,-1,1,-1,2,0.5542784163473821
1,1,-1,-1,1,-1,1,1,1,0.55534269902086
1,1,1,-1,-1,-1,1,-1,2,0.5385270327799064
1,1,-1,-1,-1,-1,1,1,1,0.5553426990208601
1,1,-1,-1,-1,-1,1,-1,1,0.5600255427841636
1,1,-1,-1,1,-1,1,-1,2,0.574712643678161
1,1,-1,-1,1,-1,1,-1,1,0.5578969774372073
1,1,-1,-1,-1,-1,1,1,4,0.5753512132822478
1,1,-1,-1,-1,-1,1,-1,4,0.5819497658578119
1,1,1,-1,-1,-1,1,1,1,0.5870583226905068
1,1,1,-1,-1,-1,1,-1,1,0.5962111536824183
1,1,1,-1,1,-1,1,-1,4,0.5991911451681567
1,1,1,-1,1,-1,1,1,1,0.6055768412090253
1,1,1,-1,1,-1,1,1,4,0.5928054491272884
1,1,1,-1,-1,-1,1,1,4,0.6134525329927629
1,1,1,-1,-1,-1,1,-1,4,0.6174968071519796
1,1,1,-1,1,-1,1,-1,1,0.6185610898254578
1,1,1,-1,-1,-1,1,1,3,0.611749680715198
1,1,-1,-1,-1,-1,1,1,3,0.6145168156662408
1,1,1,-1,-1,-1,1,-1,3,0.618348233290762
1,1,-1,-1,-1,-1,1,-1,3,0.6238825031928482
1,1,-1,-1,1,-1,1,1,4,0.6351638995317157
1,1,-1,-1,1,-1,1,-1,3,0.6389953171562367
1,1,-1,-1,1,-1,1,1,3,0.6268624946785866
1,1,1,-1,1,-1,1,1,3,0.6466581524052789
1,1,1,-1,1,-1,1,-1,3,0.6530438484461473
1,1,-1,-1,1,-1,1,-1,4,0.6462324393358876
1,1,-1,-1,1,-1,-1,-1,1,0.810344827586207
1,1,1,-1,-1,-1,-1,-1,2,0.8060876968922945
1,1,-1,-1,1,-1,-1,1,1,0.8229033631332483
1,1,1,-1,-1,-1,-1,1,2,0.8109833971902936
1,1,1,-1,1,-1,-1,-1,2,0.8199233716475094
1,1,-1,-1,1,-1,-1,-1,2,0.8254576415495954
1,1,1,-1,1,-1,-1,1,2,0.8265219242230735
1,1,-1,-1,-1,-1,-1,-1,2,0.82183908045977
1,1,-1,-1,-1,-1,-1,1,3,0.8067262664963819
1,1,-1,-1,-1,-1,-1,-1,3,0.8022562792677742
1,1,-1,-1,1,-1,-1,1,2,0.8343976160068115
1,1,1,-1,1,-1,-1,-1,1,0.7986377181779482
1,1,1,-1,-1,-1,-1,-1,4,0.7837377607492554
1,1,-1,-1,-1,-1,-1,1,2,0.8637718177948065
1,1,-1,-1,1,-1,-1,-1,3,0.7931034482758627
1,1,1,-1,-1,-1,-1,1,4,0.7954448701575142
1,1,1,-1,1,-1,-1,-1,4,0.7992762877820352
1,1,1,-1,1,-1,-1,1,3,0.802256279267774
1,1,1,-1,1,-1,-1,1,1,0.8135376756066413
1,1,1,-1,1,-1,-1,1,4,0.8067262664963818
1,1,-1,-1,1,-1,-1,1,3,0.8114091102596855
1,1,-1,-1,1,-1,-1,-1,4,0.7992762877820353
1,1,-1,-1,1,-1,-1,1,4,0.8082162622392511
1,1,1,-1,1,-1,-1,-1,3,0.8003405704555135
1,1,-1,-1,-1,-1,-1,-1,4,0.9046402724563644
1,1,-1,-1,-1,-1,-1,1,1,0.9108131119625372
1,1,-1,-1,-1,-1,-1,1,4,0.9133673903788847
1,1,-1,-1,-1,-1,-1,-1,1,0.9088974031502766
1,1,1,-1,-1,-1,-1,-1,3,0.9303959131545336
1,1,1,-1,-1,-1,-1,1,3,0.9382716049382716
1,1,1,-1,-1,-1,-1,-1,1,0.9250744997871434
1,1,1,-1,-1,-1,-1,1,1,0.9297573435504468
1,1,-1,-1,-1,1,1,1,2,0.5308641975308643
1,1,1,-1,-1,1,1,1,2,0.5319284802043425
1,1,-1,-1,-1,1,1,-1,2,0.5346956151553853
1,1,1,-1,1,1,1,1,2,0.5474670072371224
1,1,1,-1,1,1,1,-1,2,0.5534269902085996
1,1,-1,-1,1,1,1,1,2,0.5500212856534697
1,1,-1,-1,1,1,1,1,1,0.5540655598126863
1,1,-1,-1,1,1,1,-1,2,0.5553426990208602
1,1,1,-1,-1,1,1,-1,2,0.5383141762452107
1,1,-1,-1,-1,1,1,1,1,0.55534269902086
1,1,-1,-1,-1,1,1,-1,1,0.5600255427841636
1,1,-1,-1,1,1,1,-1,1,0.5574712643678161
1,1,-1,-1,-1,1,1,1,4,0.5759897828863346
1,1,-1,-1,-1,1,1,-1,4,0.5819497658578119
1,1,1,-1,-1,1,1,1,1,0.589186888037463
1,1,1,-1,-1,1,1,-1,1,0.5962111536824183
1,1,1,-1,1,1,1,-1,4,0.5991911451681567
1,1,1,-1,1,1,1,1,1,0.6062154108131121
1,1,1,-1,1,1,1,1,4,0.593018305661984
1,1,1,-1,-1,1,1,1,4,0.6155810983397192
1,1,1,-1,-1,1,1,-1,4,0.6174968071519796
1,1,1,-1,1,1,1,-1,1,0.6187739463601535
1,1,1,-1,-1,1,1,1,3,0.6121753937845892
1,1,1,-1,-1,1,1,-1,3,0.6181353767560663
1,1,-1,-1,-1,1,1,1,3,0.6160068114091103
1,1,-1,-1,-1,1,1,-1,3,0.6238825031928482
1,1,-1,-1,1,1,1,1,3,0.6262239250744999
1,1,-1,-1,1,1,1,1,4,0.6360153256704981
1,1,-1,-1,1,1,1,-1,3,0.6385696040868454
1,1,1,-1,1,1,1,1,3,0.64708386547467
1,1,1,-1,1,1,1,-1,3,0.6530438484461473
1,1,-1,-1,1,1,1,-1,4,0.6462324393358876
1,1,-1,-1,1,1,-1,-1,1,0.8094934014474244
1,1,1,-1,-1,1,-1,-1,2,0.8056619838229032
1,1,-1,-1,1,1,-1,1,1,0.8237547892720308
1,1,1,-1,1,1,-1,-1,2,0.8199233716475094
1,1,1,-1,-1,1,-1,1,2,0.8128991060025541
1,1,-1,-1,1,1,-1,-1,2,0.8254576415495954
1,1,1,-1,1,1,-1,1,2,0.827373350361856
1,1,-1,-1,-1,1,-1,-1,2,0.8222647935291613
1,1,-1,-1,-1,1,-1,1,3,0.806087696892295
1,1,-1,-1,1,1,-1,1,2,0.8333333333333334
1,1,-1,-1,-1,1,-1,-1,3,0.8020434227330785
1,1,-1,-1,-1,1,-1,1,2,0.8318433375904641
1,1,1,-1,1,1,-1,-1,1,0.7988505747126438
1,1,1,-1,-1,1,-1,-1,4,0.7833120476798642
1,1,-1,-1,1,1,-1,-1,3,0.7920391656023846
1,1,1,-1,-1,1,-1,1,4,0.7954448701575143
1,1,1,-1,1,1,-1,1,1,0.8116219667943807
1,1,1,-1,1,1,-1,-1,4,0.7994891443167308
1,1,-1,-1,1,1,-1,-1,4,0.7986377181779485
1,1,-1,-1,1,1,-1,1,3,0.8103448275862075
1,1,-1,-1,1,1,-1,1,4,0.8071519795657731
1,1,1,-1,1,1,-1,-1,3,0.8003405704555135
1,1,1,-1,1,1,-1,1,4,0.8063005534269906
1,1,1,-1,1,1,-1,1,3,0.8065134099616864
1,1,-1,-1,-1,1,-1,-1,4,0.9052788420604512
1,1,-1,-1,-1,1,-1,-1,1,0.908684546615581
1,1,-1,-1,-1,1,-1,1,4,0.9135802469135803
1,1,-1,-1,-1,1,-1,1,1,0.9101745423584505
1,1,1,-1,-1,1,-1,-1,3,0.9301830566198381
1,1,1,-1,-1,1,-1,1,3,0.9384844614729674
1,1,1,-1,-1,1,-1,-1,1,0.9255002128565346
1,1,1,-1,-1,1,-1,1,1,0.9295444870157511
1,-1,-1,-1,-1,-1,1,1,2,0.5110685398041721
1,-1,1,-1,-1,-1,1,1,2,0.5217113665389529
1,-1,1,-1,1,-1,1,1,2,0.5234142188165176
1,-1,-1,-1,1,-1,1,1,2,0.524904214559387
1,-1,1,-1,-1,-1,1,-1,2,0.5259684972328651
1,-1,1,-1,1,-1,1,-1,2,0.531502767134951
1,-1,-1,-1,1,-1,1,-1,2,0.5297999148573862
1,-1,-1,-1,1,-1,1,1,4,0.5363984674329502
1,-1,-1,-1,-1,-1,1,-1,2,0.5172413793103451
1,-1,1,-1,-1,-1,1,1,1,0.5393784589186889
1,-1,-1,-1,1,-1,1,-1,4,0.5398041719880801
1,-1,1,-1,-1,-1,1,-1,1,0.5427841634738187
1,-1,-1,-1,-1,-1,1,1,4,0.5527884206045126
1,-1,-1,-1,-1,-1,1,1,1,0.5583226905065987
1,-1,-1,-1,-1,-1,1,-1,4,0.5591741166453811
1,-1,-1,-1,1,-1,1,1,1,0.5627926777352065
1,-1,1,-1,1,-1,1,1,1,0.5634312473392934
1,-1,-1,-1,1,-1,1,-1,1,0.5651340996168583
1,-1,-1,-1,-1,-1,1,-1,1,0.5657726692209453
1,-1,1,-1,1,-1,1,1,4,0.5672626649638144
1,-1,1,-1,1,-1,1,-1,1,0.5727969348659004
1,-1,1,-1,1,-1,1,-1,4,0.571945508727118
1,-1,1,-1,-1,-1,1,1,4,0.5783312047679864
1,-1,1,-1,-1,-1,1,-1,4,0.5836526181353768
1,-1,1,-1,-1,-1,1,1,3,0.5893997445721584
1,-1,1,-1,1,-1,1,1,3,0.5928054491272882
1,-1,-1,-1,-1,-1,1,1,3,0.5959982971477226
1,-1,1,-1,-1,-1,1,-1,3,0.5985525755640698
1,-1,1,-1,1,-1,1,-1,3,0.601745423584504
1,-1,-1,-1,1,-1,1,-1,3,0.6055768412090251
1,-1,-1,-1,1,-1,1,1,3,0.6143039591315453
1,-1,-1,-1,-1,-1,1,-1,3,0.6281396338867604
1,-1,-1,-1,1,-1,-1,1,2,0.6892294593444019
1,-1,-1,-1,-1,-1,-1,1,2,0.7026394210302256
1,-1,-1,-1,1,-1,-1,-1,2,0.7045551298424862
1,-1,-1,-1,-1,-1,-1,-1,2,0.7177522349936143
1,-1,1,-1,-1,-1,-1,1,3,0.6824180502341424
1,-1,1,-1,-1,-1,-1,-1,3,0.6928480204342272
1,-1,-1,-1,-1,-1,-1,1,1,0.7562792677735207
1,-1,-1,-1,-1,-1,-1,-1,1,0.768837803320562
1,-1,-1,-1,-1,-1,-1,1,3,0.7871434653043851
1,-1,-1,-1,-1,-1,-1,-1,3,0.7992762877820351
1,-1,-1,-1,1,-1,-1,1,4,0.8122605363984672
1,-1,-1,-1,1,-1,-1,-1,4,0.8295019157088119
1,-1,1,-1,1,-1,-1,1,1,0.8318433375904642
1,-1,1,-1,1,-1,-1,-1,1,0.8386547467007239
1,-1,1,-1,-1,-1,-1,1,2,0.8510004257130697
1,-1,1,-1,-1,-1,-1,-1,2,0.8607918263090678
1,-1,1,-1,1,-1,-1,1,4,0.8386547467007244
1,-1,1,-1,-1,-1,-1,-1,4,0.8552575564069819
1,-1,-1,-1,-1,-1,-1,-1,4,0.8563218390804606
1,-1,1,-1,1,-1,-1,-1,4,0.841634738186463
1,-1,-1,-1,-1,-1,-1,1,4,0.8563218390804604
1,-1,-1,-1,1,-1,-1,-1,3,0.8503618561089828
1,-1,1,-1,1,-1,-1,1,2,0.8539804171988084
1,-1,-1,-1,1,-1,-1,1,3,0.8546189868028949
1,-1,1,-1,1,-1,-1,-1,2,0.8903788846317576
1,-1,1,-1,-1,-1,-1,1,1,0.8512132822477654
1,-1,1,-1,1,-1,-1,1,3,0.8571732652192425
1,-1,1,-1,-1,-1,-1,-1,1,0.8552575564069823
1,-1,1,-1,1,-1,-1,-1,3,0.8548318433375909
1,-1,1,-1,-1,-1,-1,1,4,0.8531289910600256
1,-1,-1,-1,1,-1,-1,1,1,0.9095359727543635
1,-1,-1,-1,1,-1,-1,-1,1,0.9091102596849725
1,-1,-1,-1,-1,1,1,1,2,0.5102171136653897
1,-1,1,-1,1,1,1,1,2,0.5227756492124308
1,-1,1,-1,-1,1,1,1,2,0.5225627926777353
1,-1,1,-1,-1,1,1,-1,2,0.5259684972328651
1,-1,-1,-1,1,1,1,1,2,0.5255427841634739
1,-1,1,-1,1,1,1,-1,2,0.5317156236696468
1,-1,-1,-1,1,1,1,-1,2,0.5297999148573862
1,-1,-1,-1,1,1,1,1,4,0.5357598978288634
1,-1,-1,-1,-1,1,1,-1,2,0.5166028097062582
1,-1,1,-1,-1,1,1,1,1,0.5391656023839934
1,-1,-1,-1,1,1,1,-1,4,0.5398041719880801
1,-1,1,-1,-1,1,1,-1,1,0.5427841634738187
1,-1,-1,-1,-1,1,1,1,4,0.5512984248616434
1,-1,-1,-1,-1,1,1,1,1,0.5587484035759899
1,-1,-1,-1,-1,1,1,-1,4,0.5591741166453811
1,-1,1,-1,1,1,1,1,1,0.5632183908045978
1,-1,-1,-1,1,1,1,-1,1,0.5653469561515538
1,-1,-1,-1,-1,1,1,-1,1,0.5655598126862497
1,-1,1,-1,1,1,1,1,4,0.5666240953597277
1,-1,1,-1,1,1,1,-1,1,0.5727969348659004
1,-1,1,-1,1,1,1,-1,4,0.5717326521924224
1,-1,-1,-1,1,1,1,1,1,0.5600255427841636
1,-1,1,-1,-1,1,1,1,4,0.5793954874414645
1,-1,1,-1,-1,1,1,-1,4,0.5836526181353768
1,-1,1,-1,-1,1,1,1,3,0.5900383141762453
1,-1,-1,-1,-1,1,1,1,3,0.5949340144742444
1,-1,1,-1,1,1,1,1,3,0.5947211579395487
1,-1,-1,-1,1,1,1,1,3,0.5966368667518093
1,-1,1,-1,-1,1,1,-1,3,0.5985525755640698
1,-1,1,-1,1,1,1,-1,3,0.6015325670498083
1,-1,-1,-1,1,1,1,-1,3,0.6053639846743295
1,-1,-1,-1,-1,1,1,-1,3,0.6279267773520647
1,-1,-1,-1,1,1,-1,1,2,0.6873137505321414
1,-1,-1,-1,-1,1,-1,1,2,0.6983822903363134
1,-1,-1,-1,1,1,-1,-1,2,0.7032779906343125
1,-1,-1,-1,-1,1,-1,-1,2,0.7164750957854407
1,-1,1,-1,-1,1,-1,1,3,0.6819923371647513
1,-1,1,-1,-1,1,-1,-1,3,0.6922094508301404
1,-1,-1,-1,-1,1,-1,1,1,0.752873563218391
1,-1,-1,-1,-1,1,-1,-1,1,0.7671349510429971
1,-1,-1,-1,-1,1,-1,1,3,0.7865048957002982
1,-1,-1,-1,-1,1,-1,-1,3,0.7986377181779482
1,-1,-1,-1,1,1,-1,1,4,0.8109833971902936
1,-1,-1,-1,1,1,-1,-1,4,0.8269476372924646
1,-1,1,-1,1,1,-1,1,1,0.8314176245210729
1,-1,1,-1,1,1,-1,-1,1,0.8373776074925502
1,-1,1,-1,-1,1,-1,1,2,0.8471690080885486
1,-1,1,-1,-1,1,-1,-1,2,0.8597275436355897
1,-1,1,-1,-1,1,-1,1,4,0.8537675606641124
1,-1,1,-1,1,1,-1,1,4,0.8392933163048112
1,-1,-1,-1,-1,1,-1,1,4,0.8546189868028954
1,-1,1,-1,-1,1,-1,-1,4,0.8558961260110687
1,-1,-1,-1,-1,1,-1,-1,4,0.8563218390804606
1,-1,1,-1,1,1,-1,-1,4,0.8407833120476805
1,-1,1,-1,1,1,-1,1,2,0.8531289910600259
1,-1,-1,-1,1,1,-1,1,3,0.8539804171988081
1,-1,-1,-1,1,1,-1,-1,3,0.8497232865048959
1,-1,1,-1,1,1,-1,-1,2,0.890166028097062
1,-1,1,-1,-1,1,-1,1,1,0.8520647083865478
1,-1,1,-1,-1,1,-1,-1,1,0.8546189868028955
1,-1,1,-1,1,1,-1,-1,3,0.8541932737335041
1,-1,1,-1,1,1,-1,1,3,0.8593018305661987
1,-1,-1,-1,1,1,-1,1,1,0.9123031077054065
1,-1,-1,-1,1,1,-1,-1,1,0.9086845466155813
-1,1,-1,1,-1,-1,1,1,2,0.5276713495104299
-1,1,-1,1,-1,-1,1,-1,2,0.5336313324819072
-1,1,1,1,-1,-1,1,1,2,0.5412941677309494
-1,1,1,1,-1,-1,1,-1,2,0.5493827160493827
-1,1,-1,1,1,-1,1,1,2,0.5547041294167733
-1,1,-1,1,1,-1,1,-1,2,0.5659855257556408
-1,1,1,1,1,-1,1,1,2,0.5732226479352918
-1,1,-1,1,1,-1,1,1,4,0.5883354618986802
-1,1,1,1,-1,-1,1,1,1,0.588548318433376
-1,1,1,1,-1,-1,1,-1,1,0.5949340144742444
-1,1,-1,1,1,-1,1,1,1,0.6008939974457216
-1,1,1,1,1,-1,1,-1,2,0.6004682843763305
-1,1,-1,1,1,-1,1,-1,4,0.5957854406130266
-1,1,1,1,1,-1,1,1,4,0.6047254150702426
-1,1,-1,1,1,-1,1,-1,1,0.6132396764580674
-1,1,-1,1,-1,-1,1,1,4,0.6164325244785015
-1,1,-1,1,-1,-1,1,-1,1,0.6260110685398043
-1,1,-1,1,-1,-1,1,-1,4,0.6270753512132823
-1,1,1,1,1,-1,1,1,1,0.6309067688378035
-1,1,1,1,-1,-1,1,-1,4,0.6189868028948488
-1,1,-1,1,-1,-1,1,1,3,0.6285653469561517
-1,1,1,1,-1,-1,1,1,4,0.6121753937845891
-1,1,-1,1,-1,-1,1,-1,3,0.6353767560664114
-1,1,1,1,1,-1,1,-1,4,0.6372924648786716
-1,1,1,1,-1,-1,1,1,3,0.6515538527032781
-1,1,-1,1,1,-1,1,1,3,0.655385270327799
-1,1,1,1,-1,-1,1,-1,3,0.6634738186462326
-1,1,-1,1,1,-1,1,-1,3,0.6696466581524052
-1,1,1,1,1,-1,1,-1,1,0.6802894848871863
-1,1,-1,1,-1,-1,1,1,1,0.6130268199233717
-1,1,1,1,1,-1,-1,-1,1,0.6922094508301404
-1,1,1,1,1,-1,1,1,3,0.7537249893571731
-1,1,1,1,1,-1,-1,-1,3,0.6956151553852706
-1,1,1,1,1,-1,-1,1,1,0.7039165602383993
-1,1,1,1,1,-1,-1,1,3,0.712005108556833
-1,1,1,1,1,-1,-1,-1,2,0.7418050234142188
-1,1,1,1,1,-1,-1,1,2,0.7524478501489995
-1,1,1,1,-1,-1,-1,-1,1,0.7524478501489996
-1,1,1,1,1,-1,-1,-1,4,0.7256279267773522
-1,1,-1,1,-1,-1,-1,-1,3,0.7432950191570885
-1,1,1,1,1,-1,1,-1,3,0.8086419753086421
-1,1,-1,1,-1,-1,-1,1,3,0.7543635589612606
-1,1,-1,1,1,-1,-1,-1,3,0.7577692635163905
-1,1,-1,1,1,-1,-1,-1,2,0.7873563218390803
-1,1,-1,1,1,-1,-1,1,3,0.7662835249042151
-1,1,1,1,-1,-1,-1,1,1,0.768199233716475
-1,1,1,1,1,-1,-1,1,4,0.7386121753937848
-1,1,-1,1,1,-1,-1,1,2,0.7977862920391655
-1,1,-1,1,1,-1,-1,-1,1,0.7696892294593445
-1,1,-1,1,1,-1,-1,1,1,0.7784163473818647
-1,1,1,1,-1,-1,-1,-1,2,0.8288633461047253
-1,1,1,1,-1,-1,-1,1,2,0.8320561941251595
-1,1,-1,1,-1,-1,-1,1,2,0.8595146871008942
-1,1,-1,1,-1,-1,-1,-1,2,0.8667518092805448
-1,1,1,1,-1,-1,-1,1,4,0.8895274584929759
-1,1,1,1,-1,-1,-1,-1,4,0.8880374627501065
-1,1,-1,1,-1,-1,-1,1,4,0.8793103448275863
-1,1,-1,1,-1,-1,-1,-1,4,0.8763303533418478
-1,1,-1,1,1,-1,-1,-1,4,0.8395061728395065
-1,1,-1,1,1,-1,-1,1,4,0.8499361430395915
-1,1,1,1,-1,-1,-1,-1,3,0.9231587909748828
-1,1,1,1,-1,-1,-1,1,3,0.9327373350361857
-1,1,-1,1,-1,-1,-1,1,1,0.9001702852277563
-1,1,-1,1,-1,-1,-1,-1,1,0.8984674329501916
-1,1,-1,1,-1,1,1,1,2,0.5259684972328651
-1,1,-1,1,-1,1,1,-1,2,0.5336313324819072
-1,1,1,1,-1,1,1,1,2,0.5408684546615581
-1,1,1,1,-1,1,1,-1,2,0.5493827160493827
-1,1,-1,1,1,1,1,1,2,0.5540655598126863
-1,1,-1,1,1,1,1,-1,2,0.5657726692209453
-1,1,1,1,1,1,1,1,2,0.5751383567475523
-1,1,1,1,-1,1,1,1,1,0.5887611749680717
-1,1,-1,1,1,1,1,1,4,0.5902511707109408
-1,1,1,1,-1,1,1,-1,1,0.5947211579395487
-1,1,1,1,1,1,1,-1,2,0.5991911451681567
-1,1,-1,1,1,1,1,1,1,0.599616858237548
-1,1,-1,1,1,1,1,-1,4,0.5955725840783311
-1,1,1,1,1,1,1,1,4,0.6042997020008514
-1,1,-1,1,1,1,1,-1,1,0.6130268199233717
-1,1,-1,1,-1,1,1,1,4,0.6164325244785015
-1,1,-1,1,-1,1,1,-1,1,0.6249467858663261
-1,1,-1,1,-1,1,1,-1,4,0.6270753512132823
-1,1,1,1,-1,1,1,-1,4,0.6185610898254575
-1,1,-1,1,-1,1,1,1,3,0.6270753512132824
-1,1,1,1,1,1,1,1,1,0.6340996168582377
-1,1,1,1,-1,1,1,1,4,0.6121753937845891
-1,1,-1,1,-1,1,1,-1,3,0.6351638995317157
-1,1,1,1,1,1,1,-1,4,0.6364410387398891
-1,1,1,1,-1,1,1,1,3,0.6521924223073648
-1,1,-1,1,1,1,1,1,3,0.6534695615155385
-1,1,1,1,-1,1,1,-1,3,0.6634738186462326
-1,1,-1,1,1,1,1,-1,3,0.669220945083014
-1,1,1,1,1,1,1,-1,1,0.6794380587484038
-1,1,-1,1,-1,1,1,1,1,0.6126011068539805
-1,1,1,1,1,1,-1,-1,1,0.6922094508301405
-1,1,1,1,1,1,1,1,3,0.7496807151979565
-1,1,1,1,1,1,-1,1,1,0.7049808429118773
-1,1,1,1,1,1,-1,-1,3,0.6956151553852706
-1,1,1,1,1,1,-1,1,3,0.7124308216262242
-1,1,1,1,1,1,-1,-1,2,0.7415921668795231
-1,1,1,1,1,1,-1,1,2,0.7541507024265643
-1,1,1,1,-1,1,-1,-1,1,0.7522349936143039
-1,1,1,1,1,1,1,-1,3,0.8077905491698596
-1,1,1,1,1,1,-1,-1,4,0.7254150702426566
-1,1,-1,1,-1,1,-1,-1,3,0.7432950191570885
-1,1,-1,1,-1,1,-1,1,3,0.7539378458918693
-1,1,-1,1,1,1,-1,-1,3,0.756917837377608
-1,1,-1,1,1,1,-1,1,3,0.7650063856960414
-1,1,1,1,-1,1,-1,1,1,0.7677735206470838
-1,1,-1,1,1,1,-1,-1,2,0.7869306087696891
-1,1,1,1,1,1,-1,1,4,0.7394636015325671
-1,1,-1,1,1,1,-1,1,2,0.7990634312473393
-1,1,-1,1,1,1,-1,-1,1,0.7692635163899533
-1,1,-1,1,1,1,-1,1,1,0.7773520647083867
-1,1,1,1,-1,1,-1,1,2,0.832269050659855
-1,1,1,1,-1,1,-1,-1,2,0.8284376330353341
-1,1,-1,1,-1,1,-1,1,2,0.8580246913580247
-1,1,-1,1,-1,1,-1,-1,2,0.8659003831417624
-1,1,1,1,-1,1,-1,1,4,0.8901660280970627
-1,1,1,1,-1,1,-1,-1,4,0.8880374627501065
-1,1,-1,1,-1,1,-1,1,4,0.8771817794806301
-1,1,-1,1,-1,1,-1,-1,4,0.8761174968071522
-1,1,-1,1,1,1,-1,-1,4,0.8395061728395065
-1,1,-1,1,1,1,-1,1,4,0.8510004257130698
-1,1,1,1,-1,1,-1,-1,3,0.9235845040442741
-1,1,1,1,-1,1,-1,1,3,0.9331630481055769
-1,1,-1,1,-1,1,-1,1,1,0.8993188590889739
-1,1,-1,1,-1,1,-1,-1,1,0.897190293742018
-1,-1,-1,1,-1,-1,1,1,2,0.48871860366113246
-1,-1,1,1,-1,-1,1,1,2,0.5010642826734782
-1,-1,1,1,-1,-1,1,-1,2,0.505108556832695
-1,-1,-1,1,-1,-1,1,-1,2,0.490634312473393
-1,-1,-1,1,1,-1,1,1,2,0.5363984674329504
-1,-1,1,1,1,-1,1,1,2,0.5372498935717328
-1,-1,-1,1,1,-1,1,-1,2,0.544912728820775
-1,-1,1,1,1,-1,1,-1,2,0.5510855683269477
-1,-1,1,1,-1,-1,1,1,1,0.5564069816943381
-1,-1,-1,1,-1,-1,1,1,4,0.5576841209025116
-1,-1,1,1,-1,-1,1,-1,1,0.5610898254576417
-1,-1,1,1,-1,-1,1,-1,4,0.5670498084291189
-1,-1,-1,1,-1,-1,1,-1,4,0.5632183908045978
-1,-1,-1,1,1,-1,1,1,1,0.566411238825032
-1,-1,-1,1,-1,-1,1,1,1,0.5666240953597276
-1,-1,1,1,-1,-1,1,1,4,0.5621541081311197
-1,-1,-1,1,-1,-1,1,-1,1,0.571945508727118
-1,-1,1,1,1,-1,1,1,4,0.5749255002128566
-1,-1,-1,1,1,-1,1,-1,1,0.5757769263516391
-1,-1,1,1,1,-1,1,1,1,0.5796083439761602
-1,-1,-1,1,1,-1,1,1,4,0.5804597701149425
-1,-1,1,1,1,-1,1,-1,4,0.5866326096211154
-1,-1,1,1,1,-1,1,-1,1,0.5900383141762453
-1,-1,-1,1,1,-1,1,-1,4,0.587909748829289
-1,-1,1,1,-1,-1,1,1,3,0.585781183482333
-1,-1,1,1,-1,-1,1,-1,3,0.5919540229885056
-1,-1,1,1,1,-1,1,-1,3,0.6285653469561516
-1,-1,1,1,1,-1,1,1,3,0.6145168156662408
-1,-1,-1,1,-1,-1,1,1,3,0.6289910600255428
-1,-1,-1,1,-1,-1,1,-1,3,0.6336739037888464
-1,-1,-1,1,1,-1,1,1,3,0.6404853128991059
-1,-1,-1,1,1,-1,1,-1,3,0.6481481481481483
-1,-1,1,1,1,-1,-1,1,2,0.7058322690506599
-1,-1,1,1,1,-1,-1,-1,2,0.7230736483610046
-1,-1,-1,1,1,-1,-1,1,2,0.8216262239250747
-1,-1,-1,1,1,-1,-1,-1,2,0.8271604938271606
-1,-1,-1,1,-1,-1,-1,1,2,0.8492975734355043
-1,-1,-1,1,-1,-1,-1,-1,2,0.847807577692635
-1,-1,1,1,1,-1,-1,-1,1,0.7960834397616008
-1,-1,-1,1,1,-1,-1,-1,3,0.827160493827161
-1,-1,-1,1,1,-1,-1,1,3,0.8361004682843767
-1,-1,1,1,1,-1,-1,1,1,0.8101319710515115
-1,-1,1,1,1,-1,-1,1,4,0.858024691358025
-1,-1,1,1,1,-1,-1,-1,4,0.852064708386548
-1,-1,1,1,-1,-1,-1,-1,3,0.8550446998722863
-1,-1,-1,1,1,-1,-1,1,1,0.8403575989782889
-1,-1,1,1,-1,-1,-1,1,3,0.8661132396764581
-1,-1,1,1,-1,-1,-1,-1,4,0.8654746700723716
-1,-1,-1,1,1,-1,-1,-1,4,0.8580246913580253
-1,-1,-1,1,-1,-1,-1,-1,4,0.8571732652192426
-1,-1,-1,1,1,-1,-1,1,4,0.8622818220519374
-1,-1,1,1,-1,-1,-1,-1,2,0.872286079182631
-1,-1,1,1,-1,-1,-1,1,4,0.8712217965091532
-1,-1,-1,1,-1,-1,-1,-1,3,0.8473818646232439
-1,-1,-1,1,-1,-1,-1,1,3,0.8546189868028948
-1,-1,1,1,-1,-1,-1,1,2,0.8782460621541083
-1,-1,-1,1,1,-1,-1,-1,1,0.8407833120476803
-1,-1,-1,1,-1,-1,-1,1,4,0.8656875266070672
-1,-1,1,1,1,-1,-1,-1,3,0.8682418050234143
-1,-1,1,1,-1,-1,-1,-1,1,0.8497232865048961
-1,-1,1,1,1,-1,-1,1,3,0.8776074925500212
-1,-1,1,1,-1,-1,-1,1,1,0.8546189868028952
-1,-1,-1,1,-1,-1,-1,1,1,0.8629203916560244
-1,-1,-1,1,-1,-1,-1,-1,1,0.8659003831417631
-1,-1,-1,1,-1,1,1,1,2,0.48914431673052367
-1,-1,1,1,-1,1,1,1,2,0.5006385696040869
-1,-1,1,1,-1,1,1,-1,2,0.505108556832695
-1,-1,-1,1,-1,1,1,-1,2,0.490634312473393
-1,-1,-1,1,1,1,1,1,2,0.5355470412941679
-1,-1,-1,1,1,1,1,-1,2,0.544912728820775
-1,-1,1,1,1,1,1,-1,2,0.5510855683269477
-1,-1,1,1,1,1,1,1,2,0.5387398893146021
-1,-1,-1,1,-1,1,1,1,4,0.5572584078331204
-1,-1,1,1,-1,1,1,1,4,0.5625798212005109
-1,-1,1,1,-1,1,1,-1,1,0.5610898254576417
-1,-1,-1,1,1,1,1,1,1,0.5649212430821626
-1,-1,1,1,-1,1,1,-1,4,0.5668369518944232
-1,-1,-1,1,-1,1,1,-1,4,0.5632183908045978
-1,-1,-1,1,-1,1,1,1,1,0.566411238825032
-1,-1,-1,1,-1,1,1,-1,1,0.571945508727118
-1,-1,-1,1,1,1,1,-1,1,0.5757769263516391
-1,-1,1,1,-1,1,1,1,1,0.5568326947637293
-1,-1,1,1,1,1,1,1,1,0.5787569178373777
-1,-1,-1,1,1,1,1,1,4,0.5815240527884207
-1,-1,1,1,1,1,1,-1,4,0.5855683269476373
-1,-1,1,1,1,1,1,-1,1,0.5896126011068541
-1,-1,-1,1,1,1,1,-1,4,0.587909748829289
-1,-1,1,1,1,1,1,1,4,0.5764154959557258
-1,-1,1,1,-1,1,1,1,3,0.5859940400170285
-1,-1,1,1,-1,1,1,-1,3,0.5919540229885056
-1,-1,-1,1,-1,1,1,1,3,0.627288207747978
-1,-1,1,1,1,1,1,-1,3,0.6283524904214559
-1,-1,1,1,1,1,1,1,3,0.6145168156662411
-1,-1,-1,1,-1,1,1,-1,3,0.633886760323542
-1,-1,-1,1,1,1,1,1,3,0.640485312899106
-1,-1,-1,1,1,1,1,-1,3,0.6481481481481481
-1,-1,1,1,1,1,-1,1,2,0.7013622818220518
-1,-1,1,1,1,1,-1,-1,2,0.7209450830140486
-1,-1,-1,1,1,1,-1,1,2,0.8199233716475098
-1,-1,-1,1,1,1,-1,-1,2,0.8273733503618562
-1,-1,-1,1,-1,1,-1,1,2,0.8473818646232438
-1,-1,-1,1,-1,1,-1,-1,2,0.8473818646232438
-1,-1,1,1,1,1,-1,-1,1,0.7952320136228184
-1,-1,-1,1,1,1,-1,1,3,0.8369518944231592
-1,-1,-1,1,1,1,-1,-1,3,0.8267347807577696
-1,-1,1,1,1,1,-1,1,1,0.8116219667943807
-1,-1,1,1,1,1,-1,1,4,0.8573861217539381
-1,-1,1,1,1,1,-1,-1,4,0.8524904214559392
-1,-1,1,1,-1,1,-1,-1,3,0.8558961260110687
-1,-1,-1,1,1,1,-1,1,1,0.8405704555129845
-1,-1,1,1,-1,1,-1,1,3,0.8661132396764583
-1,-1,1,1,-1,1,-1,-1,4,0.8654746700723716
-1,-1,-1,1,1,1,-1,-1,4,0.8575989782886341
-1,-1,-1,1,-1,1,-1,-1,4,0.856960408684547
-1,-1,-1,1,1,1,-1,1,4,0.861430395913155
-1,-1,-1,1,1,1,-1,-1,1,0.8397190293742022
-1,-1,1,1,-1,1,-1,1,4,0.8716475095785444
-1,-1,1,1,-1,1,-1,-1,2,0.8718603661132397
-1,-1,-1,1,-1,1,-1,-1,3,0.8469561515538527
-1,-1,-1,1,-1,1,-1,1,3,0.8539804171988079
-1,-1,-1,1,-1,1,-1,1,4,0.8656875266070672
-1,-1,1,1,-1,1,-1,1,2,0.8763303533418476
-1,-1,1,1,-1,1,-1,-1,1,0.8488718603661136
-1,-1,1,1,1,1,-1,1,3,0.8771817794806299
-1,-1,1,1,-1,1,-1,1,1,0.8537675606641126
-1,-1,1,1,1,1,-1,-1,3,0.8676032354193275
-1,-1,-1,1,-1,1,-1,1,1,0.8627075351213288
-1,-1,-1,1,-1,1,-1,-1,1,0.8641975308641981
-1,1,-1,-1,1,-1,1,1,2,0.5464027245636441
-1,1,-1,-1,1,-1,1,-1,2,0.5542784163473821
-1,1,-1,-1,-1,-1,1,1,2,0.5636441038739891
-1,1,1,-1,-1,-1,1,1,2,0.5702426564495531
-1,1,-1,-1,-1,-1,1,-1,2,0.5785440613026822
-1,1,1,-1,-1,-1,1,-1,2,0.5842911877394636
-1,1,-1,-1,1,-1,-1,1,3,0.5659855257556408
-1,1,1,-1,-1,-1,1,1,1,0.5896126011068541
-1,1,1,-1,-1,-1,1,-1,1,0.5987654320987655
-1,1,-1,-1,-1,-1,1,-1,4,0.5938697318007663
-1,1,-1,-1,-1,-1,1,1,1,0.6053639846743295
-1,1,-1,-1,1,-1,1,1,1,0.6040868454661561
-1,1,-1,-1,-1,-1,1,1,4,0.5868454661558109
-1,1,-1,-1,1,-1,1,1,4,0.6119625372498937
-1,1,-1,-1,-1,-1,1,-1,1,0.6170710940825884
-1,1,-1,-1,1,-1,1,-1,1,0.6160068114091105
-1,1,-1,-1,1,-1,1,-1,4,0.6206896551724138
-1,1,1,-1,-1,-1,1,1,4,0.6168582375478927
-1,1,1,-1,-1,-1,1,-1,4,0.6266496381438911
-1,1,1,-1,1,-1,1,1,1,0.6323967645806725
-1,1,1,-1,1,-1,1,1,4,0.6262239250744998
-1,1,-1,-1,-1,-1,1,1,3,0.6402724563644104
-1,1,1,-1,1,-1,1,1,2,0.6319710515112816
-1,1,-1,-1,1,-1,1,1,3,0.644316730523627
-1,1,1,-1,-1,-1,1,1,3,0.653256704980843
-1,1,-1,-1,-1,-1,1,-1,3,0.6568752660706684
-1,1,-1,-1,1,-1,1,-1,3,0.6511281396338868
-1,1,1,-1,-1,-1,1,-1,3,0.6666666666666667
-1,1,1,-1,1,-1,1,-1,4,0.6685823754789271
-1,1,1,-1,1,-1,1,-1,1,0.6809280544912727
-1,1,1,-1,1,-1,1,-1,2,0.6947637292464881
-1,1,1,-1,1,-1,-1,-1,1,0.6853980417198807
-1,1,1,-1,1,-1,-1,-1,3,0.6668795232013625
-1,1,-1,-1,1,-1,-1,-1,3,0.5836526181353769
-1,1,1,-1,1,-1,-1,1,1,0.6964665815240527
-1,1,1,-1,1,-1,-1,-1,2,0.7071094082588335
-1,1,1,-1,1,-1,1,1,3,0.7486164325244786
-1,1,1,-1,1,-1,-1,-1,4,0.6787994891443165
-1,1,1,-1,1,-1,-1,1,3,0.676032354193274
-1,1,1,-1,1,-1,-1,1,2,0.7143465304384844
-1,1,1,-1,1,-1,-1,1,4,0.6964665815240527
-1,1,-1,-1,1,-1,-1,-1,1,0.7501064282673477
-1,1,-1,-1,-1,-1,-1,-1,3,0.7396764580672631
-1,1,1,-1,1,-1,1,-1,3,0.7956577266922094
-1,1,-1,-1,1,-1,-1,1,1,0.761600681140911
-1,1,-1,-1,-1,-1,-1,1,3,0.7496807151979571
-1,1,-1,-1,-1,-1,-1,-1,2,0.7735206470838654
-1,1,1,-1,-1,-1,-1,-1,2,0.7724563644103873
-1,1,-1,-1,-1,-1,-1,1,2,0.7828863346104724
-1,1,-1,-1,1,-1,-1,-1,2,0.7796934865900382
-1,1,-1,-1,1,-1,-1,1,2,0.7858663260962111
-1,1,1,-1,-1,-1,-1,1,4,0.7505321413367393
-1,1,1,-1,-1,-1,-1,1,2,0.7826734780757768
-1,1,1,-1,-1,-1,-1,-1,4,0.7443593018305664
-1,1,1,-1,-1,-1,-1,-1,3,0.7756492124308221
-1,1,1,-1,-1,-1,-1,1,3,0.7894848871860373
-1,1,-1,-1,1,-1,-1,-1,4,0.7728820774797789
-1,1,-1,-1,1,-1,-1,1,4,0.7873563218390808
-1,1,-1,-1,-1,-1,-1,-1,4,0.8322690506598556
-1,1,-1,-1,-1,-1,-1,1,4,0.8458918688803749
-1,1,-1,-1,-1,-1,-1,1,1,0.8433375904640277
-1,1,-1,-1,-1,-1,-1,-1,1,0.8473818646232444
-1,1,1,-1,-1,-1,-1,1,1,0.8699446573009793
-1,1,1,-1,-1,-1,-1,-1,1,0.8756917837377608
-1,1,-1,-1,1,1,1,1,2,0.5472541507024268
-1,1,-1,-1,1,1,1,-1,2,0.5540655598126863
-1,1,-1,-1,-1,1,1,1,2,0.5634312473392934
-1,1,1,-1,-1,1,1,1,2,0.5700297999148575
-1,1,-1,-1,-1,1,1,-1,2,0.5783312047679866
-1,1,1,-1,-1,1,1,-1,2,0.5838654746700724
-1,1,1,-1,-1,1,1,1,1,0.5879097488292891
-1,1,-1,-1,1,1,-1,1,3,0.5651340996168583
-1,1,-1,-1,-1,1,1,1,4,0.587909748829289
-1,1,1,-1,-1,1,1,-1,1,0.5985525755640698
-1,1,-1,-1,-1,1,1,-1,4,0.5936568752660707
-1,1,-1,-1,1,1,1,1,1,0.6049382716049385
-1,1,-1,-1,-1,1,1,1,1,0.6040868454661559
-1,1,-1,-1,-1,1,1,-1,1,0.6166453810131972
-1,1,-1,-1,1,1,1,1,4,0.6113239676458069
-1,1,-1,-1,1,1,1,-1,1,0.6155810983397193
-1,1,1,-1,-1,1,1,-1,4,0.6260110685398043
-1,1,1,-1,1,1,1,1,1,0.6311196253724989
-1,1,1,-1,1,1,1,1,4,0.626011068539804
-1,1,1,-1,-1,1,1,1,4,0.6162196679438059
-1,1,-1,-1,1,1,1,-1,4,0.6209025117071095
-1,1,1,-1,1,1,1,1,2,0.6315453384418904
-1,1,-1,-1,-1,1,1,1,3,0.6419753086419753
-1,1,-1,-1,1,1,1,1,3,0.6385696040868456
-1,1,1,-1,-1,1,1,1,3,0.6530438484461473
-1,1,-1,-1,-1,1,1,-1,3,0.6566624095359728
-1,1,-1,-1,1,1,1,-1,3,0.6509152830991912
-1,1,1,-1,-1,1,1,-1,3,0.6666666666666667
-1,1,1,-1,1,1,1,-1,4,0.6683695189442315
-1,1,1,-1,1,1,1,-1,1,0.6805023414218815
-1,1,1,-1,1,1,1,-1,2,0.6924223073648363
-1,1,1,-1,1,1,-1,-1,1,0.6853980417198807
-1,1,1,-1,1,1,-1,-1,3,0.6666666666666669
-1,1,-1,-1,1,1,-1,-1,3,0.5832269050659856
-1,1,1,-1,1,1,1,1,3,0.7484035759897829
-1,1,1,-1,1,1,-1,-1,2,0.7071094082588335
-1,1,1,-1,1,1,-1,-1,4,0.6785866326096209
-1,1,1,-1,1,1,-1,1,1,0.6975308641975307
-1,1,1,-1,1,1,-1,1,3,0.677096636866752
-1,1,1,-1,1,1,-1,1,2,0.713495104299702
-1,1,1,-1,1,1,-1,1,4,0.6947637292464879
-1,1,-1,-1,1,1,-1,-1,1,0.7490421455938697
-1,1,-1,-1,-1,1,-1,-1,3,0.7394636015325675
-1,1,1,-1,1,1,1,-1,3,0.7939548744146445
-1,1,-1,-1,1,1,-1,1,1,0.7613878246062153
-1,1,-1,-1,-1,1,-1,1,3,0.7503192848020439
-1,1,-1,-1,-1,1,-1,-1,2,0.7733077905491698
-1,1,-1,-1,-1,1,-1,1,2,0.7809706257982119
-1,1,1,-1,-1,1,-1,-1,2,0.7722435078756917
-1,1,-1,-1,1,1,-1,-1,2,0.7796934865900382
-1,1,1,-1,-1,1,-1,1,2,0.78203490847169
-1,1,1,-1,-1,1,-1,1,4,0.7522349936143042
-1,1,-1,-1,1,1,-1,1,2,0.7865048957002979
-1,1,1,-1,-1,1,-1,-1,4,0.7441464452958708
-1,1,1,-1,-1,1,-1,-1,3,0.7754363558961265
-1,1,1,-1,-1,1,-1,1,3,0.7888463175819505
-1,1,-1,-1,1,1,-1,-1,4,0.7724563644103877
-1,1,-1,-1,1,1,-1,1,4,0.7871434653043851
-1,1,-1,-1,-1,1,-1,-1,4,0.8309919114516818
-1,1,-1,-1,-1,1,-1,1,4,0.8478075776926355
-1,1,-1,-1,-1,1,-1,1,1,0.8390804597701155
-1,1,-1,-1,-1,1,-1,-1,1,0.8469561515538532
-1,1,1,-1,-1,1,-1,1,1,0.8682418050234144
-1,1,1,-1,-1,1,-1,-1,1,0.8754789272030651
-1,-1,1,-1,1,-1,1,1,2,0.5323541932737337
-1,-1,-1,-1,1,-1,1,1,2,0.5344827586206898
-1,-1,1,-1,-1,-1,1,1,2,0.5346956151553853
-1,-1,-1,-1,1,-1,1,-1,2,0.541507024265645
-1,-1,-1,-1,-1,-1,1,1,2,0.5419327373350362
-1,-1,1,-1,1,-1,1,-1,2,0.5457641549595574
-1,-1,-1,-1,-1,-1,1,1,1,0.5500212856534697
-1,-1,-1,-1,-1,-1,1,-1,2,0.5500212856534695
-1,-1,1,-1,-1,-1,1,1,1,0.5519369944657302
-1,-1,-1,-1,-1,-1,1,-1,1,0.5547041294167733
-1,-1,1,-1,-1,-1,1,-1,2,0.5387398893146021
-1,-1,-1,-1,-1,-1,1,1,4,0.5604512558535547
-1,-1,-1,-1,-1,-1,1,-1,4,0.5621541081311197
-1,-1,1,-1,1,-1,1,1,4,0.5634312473392933
-1,-1,1,-1,1,-1,1,1,1,0.5693912303107708
-1,-1,1,-1,1,-1,1,-1,4,0.5721583652618135
-1,-1,-1,-1,1,-1,1,1,1,0.574712643678161
-1,-1,-1,-1,1,-1,1,1,4,0.5749255002128565
-1,-1,1,-1,-1,-1,1,-1,1,0.5578969774372075
-1,-1,1,-1,1,-1,1,-1,1,0.5821626223925076
-1,-1,-1,-1,1,-1,1,-1,4,0.582375478927203
-1,-1,-1,-1,1,-1,1,-1,1,0.5862068965517243
-1,-1,1,-1,-1,-1,1,1,4,0.5949340144742444
-1,-1,1,-1,-1,-1,1,-1,4,0.6053639846743295
-1,-1,1,-1,1,-1,1,1,3,0.6011068539804173
-1,-1,-1,-1,-1,-1,1,1,3,0.6025968497232865
-1,-1,1,-1,-1,-1,1,-1,3,0.6094082588335463
-1,-1,-1,-1,1,-1,1,1,3,0.6119625372498936
-1,-1,1,-1,1,-1,1,-1,3,0.6126011068539805
-1,-1,-1,-1,-1,-1,1,-1,3,0.6104725415070242
-1,-1,1,-1,-1,-1,1,1,3,0.6151553852703279
-1,-1,-1,-1,1,-1,1,-1,3,0.623882503192848
-1,-1,-1,-1,-1,-1,-1,-1,2,0.7341421881651766
-1,-1,-1,-1,-1,-1,-1,1,2,0.7390378884631756
-1,-1,-1,-1,-1,-1,-1,-1,3,0.7332907620263943
-1,-1,-1,-1,-1,-1,-1,1,3,0.7375478927203067
-1,-1,-1,-1,1,-1,-1,-1,3,0.7541507024265649
-1,-1,1,-1,1,-1,-1,-1,3,0.7532992762877824
-1,-1,-1,-1,1,-1,-1,1,3,0.7684120902511712
-1,-1,1,-1,1,-1,-1,1,3,0.7647935291613458
-1,-1,-1,-1,1,-1,-1,-1,4,0.8258833546189874
-1,-1,-1,-1,1,-1,-1,1,4,0.8454661558109839
-1,-1,-1,-1,-1,-1,-1,-1,4,0.8367390378884639
-1,-1,1,-1,-1,-1,-1,-1,4,0.8431247339293323
-1,-1,-1,-1,-1,-1,-1,1,4,0.8431247339293323
-1,-1,1,-1,-1,-1,-1,1,4,0.8505747126436787
-1,-1,-1,-1,1,-1,-1,1,2,0.8569604086845467
-1,-1,-1,-1,1,-1,-1,-1,2,0.8563218390804598
-1,-1,1,-1,1,-1,-1,1,2,0.8695189442315883
-1,-1,1,-1,1,-1,-1,-1,2,0.8716475095785441
-1,-1,-1,-1,-1,-1,-1,1,1,0.8286504895700304
-1,-1,1,-1,-1,-1,-1,-1,3,0.8563218390804599
-1,-1,-1,-1,-1,-1,-1,-1,1,0.8341847594721165
-1,-1,1,-1,-1,-1,-1,1,3,0.8652618135376756
-1,-1,1,-1,-1,-1,-1,-1,2,0.8810131971051509
-1,-1,1,-1,1,-1,-1,1,1,0.8556832694763733
-1,-1,1,-1,-1,-1,-1,1,2,0.888888888888889
-1,-1,1,-1,1,-1,-1,1,4,0.893784589186888
-1,-1,1,-1,1,-1,-1,-1,4,0.8895274584929759
-1,-1,1,-1,1,-1,-1,-1,1,0.8586632609621121
-1,-1,1,-1,-1,-1,-1,1,1,0.8795232013622821
-1,-1,-1,-1,1,-1,-1,1,1,0.872498935717327
-1,-1,-1,-1,1,-1,-1,-1,1,0.8703703703703709
-1,-1,1,-1,-1,-1,-1,-1,1,0.879097488292891
-1,-1,1,-1,1,1,1,1,2,0.5315027671349513
-1,-1,-1,-1,1,1,1,1,2,0.5332056194125161
-1,-1,1,-1,-1,1,1,1,2,0.5344827586206898
-1,-1,-1,-1,1,1,1,-1,2,0.5410813111962538
-1,-1,-1,-1,-1,1,1,1,2,0.5421455938697318
-1,-1,1,-1,1,1,1,-1,2,0.5451255853554705
-1,-1,1,-1,-1,1,1,1,1,0.5508727117922522
-1,-1,-1,-1,-1,1,1,1,1,0.5502341421881655
-1,-1,-1,-1,-1,1,1,-1,2,0.5502341421881652
-1,-1,-1,-1,-1,1,1,-1,1,0.5549169859514689
-1,-1,1,-1,-1,1,1,-1,2,0.5387398893146021
-1,-1,-1,-1,-1,1,1,1,4,0.5602383993188591
-1,-1,-1,-1,-1,1,1,-1,4,0.5619412515964239
-1,-1,1,-1,1,1,1,1,4,0.5623669646658153
-1,-1,1,-1,1,1,1,1,1,0.5687526607066838
-1,-1,1,-1,1,1,1,-1,4,0.5721583652618135
-1,-1,-1,-1,1,1,1,1,1,0.5751383567475522
-1,-1,-1,-1,1,1,1,1,4,0.5755640698169433
-1,-1,1,-1,-1,1,1,-1,1,0.5576841209025118
-1,-1,1,-1,1,1,1,-1,1,0.5817369093231164
-1,-1,-1,-1,1,1,1,-1,4,0.5821626223925074
-1,-1,-1,-1,1,1,1,-1,1,0.5862068965517243
-1,-1,1,-1,-1,1,1,1,4,0.5949340144742444
-1,-1,1,-1,-1,1,1,-1,4,0.6049382716049383
-1,-1,1,-1,-1,1,1,1,3,0.6008939974457216
-1,-1,-1,-1,-1,1,1,1,3,0.6023839931885909
-1,-1,1,-1,-1,1,1,-1,3,0.6094082588335463
-1,-1,-1,-1,1,1,1,1,3,0.611749680715198
-1,-1,1,-1,1,1,1,1,3,0.6049382716049382
-1,-1,1,-1,1,1,1,-1,3,0.6123882503192848
-1,-1,-1,-1,-1,1,1,-1,3,0.6102596849723286
-1,-1,-1,-1,1,1,1,-1,3,0.623882503192848
-1,-1,-1,-1,-1,1,-1,-1,2,0.733929331630481
-1,-1,-1,-1,-1,1,-1,1,2,0.7379736057896976
-1,-1,-1,-1,-1,1,-1,-1,3,0.7335036185610899
-1,-1,-1,-1,-1,1,-1,1,3,0.7369093231162198
-1,-1,-1,-1,1,1,-1,-1,3,0.7537249893571737
-1,-1,1,-1,1,1,-1,-1,3,0.7530864197530868
-1,-1,1,-1,1,1,-1,1,3,0.7641549595572589
-1,-1,-1,-1,1,1,-1,1,3,0.7677735206470842
-1,-1,-1,-1,1,1,-1,-1,4,0.8250319284802049
-1,-1,-1,-1,-1,1,-1,1,4,0.8405704555129849
-1,-1,1,-1,-1,1,-1,-1,4,0.8429118773946366
-1,-1,1,-1,-1,1,-1,1,4,0.8499361430395919
-1,-1,-1,-1,1,1,-1,1,2,0.8537675606641124
-1,-1,-1,-1,1,1,-1,1,4,0.8454661558109839
-1,-1,-1,-1,-1,1,-1,-1,4,0.8365261813537683
-1,-1,-1,-1,1,1,-1,-1,2,0.8561089825457642
-1,-1,1,-1,1,1,-1,1,2,0.8671775223499365
-1,-1,-1,-1,-1,1,-1,1,1,0.8286504895700304
-1,-1,1,-1,1,1,-1,-1,2,0.8716475095785441
-1,-1,1,-1,-1,1,-1,1,3,0.8665389527458494
-1,-1,-1,-1,-1,1,-1,-1,1,0.8337590464027252
-1,-1,1,-1,-1,1,-1,-1,3,0.8558961260110686
-1,-1,1,-1,-1,1,-1,-1,2,0.8805874840357597
-1,-1,1,-1,-1,1,-1,1,2,0.886121753937846
-1,-1,1,-1,1,1,-1,1,1,0.8582375478927207
-1,-1,1,-1,1,1,-1,1,4,0.892081736909323
-1,-1,1,-1,1,1,-1,-1,4,0.8891017454235847
-1,-1,1,-1,1,1,-1,-1,1,0.8580246913580253
-1,-1,-1,-1,1,1,-1,1,1,0.8729246487867182
-1,-1,1,-1,-1,1,-1,1,1,0.8810131971051515
-1,-1,-1,-1,1,1,-1,-1,1,0.869731800766284
-1,-1,1,-1,-1,1,-1,-1,1,0.879097488292891
